Country,population_growth_rate
Afghanistan,"
			4.92%"
Albania,"
			0.51%"
Algeria,"
			1.28%"
American Samoa,"
			0.04%"
Andorra,"
			1%"
Angola,"
			1.93%"
Anguilla,"
			1.98%"
Antigua and Barbuda,"
			0.6%"
Argentina,"
			1.02%"
Armenia,"
			-0.32%"
Aruba,"
			0.51%"
Australia,"
			0.9%"
Austria,"
			0.14%"
Azerbaijan,"
			0.52%"
"Bahamas, The","
			0.72%"
Bahrain,"
			1.56%"
Bangladesh,"
			2.08%"
Barbados,"
			0.36%"
Belarus,"
			-0.11%"
Belgium,"
			0.16%"
Belize,"
			2.39%"
Benin,"
			2.89%"
Bermuda,"
			0.68%"
Bhutan,"
			2.12%"
Bolivia,"
			1.56%"
Bosnia and Herzegovina,"
			0.45%"
Botswana,"
			-0.89%"
Brazil,"
			1.11%"
British Virgin Islands,"
			2.06%"
Brunei,"
			1.95%"
Bulgaria,"
			-0.92%"
Burkina Faso,"
			2.57%"
Burma,"
			0.47%"
Burundi,"
			2.2%"
Cambodia,"
			1.8%"
Cameroon,"
			1.97%"
Canada,"
			0.92%"
Cape Verde,"
			0.73%"
Cayman Islands,"
			2.71%"
Central African Republic,"
			1.56%"
Chad,"
			3%"
Chile,"
			1.01%"
China,"
			0.57%"
Christmas Island,"
			-9%"
Cocos (Keeling) Islands,"
			0.002%"
Colombia,"
			1.53%"
Comoros,"
			2.94%"
"Congo, Democratic Republic of the","
			2.99%"
"Congo, Republic of the","
			1.42%"
Cook Islands,
Costa Rica,"
			1.52%"
Cote d'Ivoire,"
			2.11%"
Croatia,"
			-0.02%"
Cuba,"
			0.34%"
Cyprus,"
			0.55%"
Czech Republic,"
			-0.05%"
Denmark,"
			0.35%"
Djibouti,"
			2.1%"
Dominica,"
			-0.45%"
Dominican Republic,"
			1.33%"
East Timor,"
			2.11%"
Ecuador,"
			1.03%"
Egypt,"
			1.83%"
El Salvador,"
			1.78%"
Equatorial Guinea,"
			2.43%"
Eritrea,"
			2.57%"
Estonia,"
			-0.66%"
Ethiopia,"
			1.89%"
European Union,"
			0.17%"
Falkland Islands (Islas Malvinas),"
			2.44%"
Faroe Islands,"
			0.66%"
Fiji,"
			1.41%"
Finland,"
			0.18%"
France,"
			0.39%"
French Guiana,"
			2.25%"
French Polynesia,"
			1.57%"
Gabon,"
			2.5%"
"Gambia, The","
			2.98%"
Gaza Strip,"
			3.83%"
Georgia,"
			-0.36%"
Germany,"
			0.02%"
Ghana,"
			1.36%"
Gibraltar,"
			0.19%"
Greece,"
			0.2%"
Greenland,"
			-0.01%"
Grenada,"
			0.14%"
Guadeloupe,"
			0.96%"
Guam,"
			1.5%"
Guatemala,"
			2.61%"
Guernsey,"
			0.31%"
Guinea,"
			2.37%"
Guinea-Bissau,"
			1.99%"
Guyana,"
			0.61%"
Haiti,"
			1.71%"
Holy See (Vatican City),"
			0.01%"
Honduras,"
			2.24%"
Hong Kong,"
			0.65%"
Hungary,"
			-0.25%"
Iceland,"
			0.97%"
India,"
			1.44%"
Indonesia,"
			1.49%"
Iran,"
			1.07%"
Iraq,"
			2.74%"
Ireland,"
			1.16%"
Israel,"
			1.29%"
Italy,"
			0.09%"
Jamaica,"
			0.66%"
Japan,"
			0.08%"
Jersey,"
			0.36%"
Jordan,"
			2.67%"
Kazakhstan,"
			0.26%"
Kenya,"
			1.14%"
Kiribati,"
			2.25%"
"Korea, North","
			0.98%"
"Korea, South","
			0.62%"
Kuwait,"
			3.36%"
Kyrgyzstan,"
			1.25%"
Laos,"
			2.44%"
Latvia,"
			-0.71%"
Lebanon,"
			1.3%"
Lesotho,"
			0.14%"
Liberia,"
			2.7%"
Libya,"
			2.37%"
Liechtenstein,"
			0.86%"
Lithuania,"
			-0.33%"
Luxembourg,"
			1.28%"
Macau,"
			0.87%"
Macedonia,"
			0.39%"
Madagascar,"
			3.03%"
Malawi,"
			2.14%"
Malaysia,"
			1.83%"
Maldives,"
			2.86%"
Mali,"
			2.78%"
Malta,"
			0.42%"
"Man, Isle of","
			0.53%"
Marshall Islands,"
			2.29%"
Martinique,"
			0.81%"
Mauritania,"
			2.91%"
Mauritius,"
			0.81%"
Mayotte,"
			4.09%"
Mexico,"
			1.18%"
"Micronesia, Federated States of","
			-0.02%"
Moldova,"
			0.18%"
Monaco,"
			0.44%"
Mongolia,"
			1.43%"
Montserrat,"
			1.03%"
Morocco,"
			1.61%"
Mozambique,"
			1.22%"
Namibia,"
			1.25%"
Nauru,"
			1.87%"
Nepal,"
			2.23%"
Netherlands,"
			0.57%"
Netherlands Antilles,"
			0.86%"
New Caledonia,"
			1.33%"
New Zealand,"
			1.05%"
Nicaragua,"
			1.97%"
Niger,"
			2.67%"
Nigeria,"
			2.45%"
Niue,"
			0.01%"
Norfolk Island,"
			-0.01%"
Northern Mariana Islands,"
			2.71%"
Norway,"
			0.41%"
Oman,"
			3.35%"
Pakistan,"
			1.98%"
Palau,"
			1.46%"
Panama,"
			1.31%"
Papua New Guinea,"
			2.3%"
Paraguay,"
			2.51%"
Peru,"
			1.39%"
Philippines,"
			1.88%"
Pitcairn Islands,"
			-0.013%"
Poland,"
			0.02%"
Portugal,"
			0.41%"
Puerto Rico,"
			0.49%"
Qatar,"
			2.74%"
Reunion,"
			1.42%"
Romania,"
			-0.11%"
Russia,"
			-0.45%"
Rwanda,"
			1.82%"
Saint Helena,"
			0.62%"
Saint Kitts and Nevis,"
			0.25%"
Saint Lucia,"
			1.27%"
Saint Pierre and Miquelon,"
			0.26%"
Saint Vincent and the Grenadines,"
			0.31%"
Samoa,"
			-0.25%"
San Marino,"
			1.33%"
Sao Tome and Principe,"
			3.18%"
Saudi Arabia,"
			2.44%"
Senegal,"
			2.52%"
Serbia and Montenegro,"
			0.03%"
Seychelles,"
			0.45%"
Sierra Leone,"
			2.27%"
Singapore,"
			1.71%"
Slovakia,"
			0.14%"
Slovenia,"
			-0.01%"
Solomon Islands,"
			2.76%"
Somalia,"
			3.41%"
South Africa,"
			-0.25%"
Spain,"
			0.16%"
Sri Lanka,"
			0.81%"
Sudan,"
			2.64%"
Suriname,"
			0.31%"
Svalbard,"
			-0.02%"
Swaziland,"
			0.55%"
Sweden,"
			0.18%"
Switzerland,"
			0.54%"
Syria,"
			2.4%"
Taiwan,"
			0.64%"
Tajikistan,"
			2.14%"
Tanzania,"
			1.95%"
Thailand,"
			0.91%"
Togo,"
			2.27%"
Tokelau,"
			-0.01%"
Tonga,"
			1.94%"
Trinidad and Tobago,"
			-0.71%"
Tunisia,"
			1.01%"
Turkey,"
			1.13%"
Turkmenistan,"
			1.81%"
Turks and Caicos Islands,"
			3.03%"
Tuvalu,"
			1.44%"
Uganda,"
			2.97%"
Ukraine,"
			-0.66%"
United Arab Emirates,"
			1.57%"
United Kingdom,"
			0.29%"
United States,"
			0.92%"
Uruguay,"
			0.51%"
Uzbekistan,"
			1.65%"
Vanuatu,"
			1.57%"
Venezuela,"
			1.44%"
Vietnam,"
			1.3%"
Virgin Islands,"
			-0.05%"
Wallis and Futuna,
West Bank,"
			3.21%"
Western Sahara,
World,"
			1.14%"
Yemen,"
			3.44%"
Zambia,"
			1.47%"
Zimbabwe,"
			0.68%"
