Country,2002,2003,2004,2005,2006,2007,2008,2009,2010,2011,2012,2013,2014,2015,2016
Cameroon,30%,30%,30%,30%,30%,30%,30%,30%,30%,30%,30%,30%,30%,30%,30%
United Kingdom,5.2%,5.2%,5%,4.8%,4.7%,2.9%,5.3%,5.6%,7.9%,7.8%,7.8%,8%,7.2%,7.2%,7.2%
Somalia,NA,NA,NA,NA,NA,NA,NA,NA,NA,NA,NA,NA,NA,NA,NA
Guernsey,0.5%,0.5%,0.5%,0.5%,0.5%,0.9%,0.9%,0.9%,0.9%,0.9%,0.9%,0.9%,0.9%,0.9%,0.9%
Canada,7.6%,7.6%,7.8%,7%,6.8%,6.4%,6%,6.2%,8%,8%,7.3%,7.3%,7.1%,7.1%,7.1%
Kazakhstan,10%,8.8%,8.8%,8%,8.1%,7.4%,7.3%,6.6%,5.5%,5.8%,5.3%,5.3%,5.3%,5.3%,5.3%
"Korea, South",3.1%,3.1%,3.4%,3.6%,3.7%,3.3%,3.3%,3.2%,3.7%,3.7%,3.8%,3.2%,3.2%,3.2%,3.2%
Singapore,4.7%,4.6%,4.8%,3.4%,3.1%,3.1%,2.1%,2.2%,2.3%,2.2%,2%,1.9%,1.9%,1.9%,1.9%
Slovakia,17.2%,17.2%,15.2%,13.1%,16.4%,10.2%,8.4%,7.7%,12.5%,12.5%,12.8%,13.6%,14.4%,14.4%,14.4%
Gaza Strip,26%,50%,50%,50%,31%,20.3%,34.8%,41.3%,40%,40%,40%,23%,22.5%,22.5%,22.5%
Estonia,12.4%,12.4%,10.1%,9.6%,7.8%,4.5%,4.7%,5.7%,13.5%,16.9%,11.5%,10.2%,10.9%,10.9%,10.9%
Montserrat,6%,6%,6%,6%,6%,6%,6%,6%,6%,6%,6%,6%,6%,6%,6%
Senegal,48%,48%,48%,48%,NA,NA,48%,48%,48%,48%,48%,48%,48%,48%,48%
Paraguay,17.8%,18.2%,18.5%,15.1%,16%,9.4%,5.6%,5.4%,6.9%,7%,6.9%,6.9%,6.6%,6.6%,6.6%
West Bank,26%,50%,50%,27.2%,19.9%,20.3%,18.6%,16.3%,16.5%,16.5%,23%,23%,22.5%,22.5%,22.5%
Laos,5.7%,5.7%,5.7%,5.7%,2.4%,2.4%,2.4%,2.4%,2.5%,2.5%,2.5%,2.5%,1.9%,1.9%,1.9%
Romania,9.1%,8.3%,7.2%,6.3%,7.7%,6.1%,4.1%,4.4%,8.2%,6.9%,4.3%,5.6%,7.3%,7.3%,7.3%
Namibia,30%,35%,35%,35%,35%,5.3%,5.2%,5%,51.2%,51.2%,51.2%,51.2%,27.4%,27.4%,27.4%
Benin,NA,NA,NA,NA,NA,NA,NA,NA,NA,NA,NA,NA,NA,NA,NA
Cayman Islands,4.1%,4.1%,4.1%,4.1%,4.4%,4.4%,4.4%,4.4%,4%,4%,4%,4%,4%,4%,4%
Turks and Caicos Islands,10%,10%,10%,10%,10%,10%,10%,10%,10%,10%,10%,10%,10%,10%,10%
Mozambique,21%,21%,21%,21%,21%,21%,21%,21%,21%,21%,21%,17%,17%,17%,17%
Panama,13%,16%,13.8%,12.6%,9.8%,8.8%,6.4%,5.6%,4.4%,4.2%,4.4%,4.4%,4.5%,4.5%,4.5%
Guatemala,7.5%,7.5%,7.5%,7.5%,7.5%,3.2%,3.2%,3.2%,3.2%,3.2%,4.1%,4.1%,4.1%,4.1%,4.1%
Togo,NA,NA,NA,NA,NA,NA,NA,NA,NA,NA,NA,NA,NA,NA,NA
Sierra Leone,NA,NA,NA,NA,NA,NA,NA,NA,NA,NA,NA,NA,NA,NA,NA
Anguilla,8%,6.7%,6.7%,8%,8%,8%,8%,8%,8%,8%,8%,8%,8%,8%,8%
Guinea-Bissau,NA,NA,NA,NA,NA,NA,NA,NA,NA,NA,NA,NA,NA,NA,NA
Ethiopia,NA,NA,NA,NA,NA,NA,NA,NA,NA,NA,NA,NA,17.5%,17.5%,17.5%
Belize,11.5%,9.1%,9.1%,12.9%,12.9%,9.4%,9.4%,8.1%,13.1%,13.1%,13.1%,11.3%,15.5%,15.5%,15.5%
Turkmenistan,NA,NA,NA,60%,60%,60%,60%,60%,60%,60%,60%,60%,60%,60%,60%
Papua New Guinea,NA,NA,NA,NA,2.8%,2%,1.9%,1.9%,1.8%,1.8%,1.9%,1.9%,1.9%,1.9%,1.9%
Malta,7%,7%,7%,7%,7.8%,6.8%,6.4%,6%,7%,6.9%,6.1%,6.4%,6.4%,6.4%,6.4%
Guadeloupe,27.8%,27.8%,27.8%,27.8%,26.9%,NA,NA,NA,NA,NA,NA,NA,NA,NA,NA
Mauritania,21%,21%,21%,20%,20%,20%,20%,30%,30%,30%,30%,30%,30%,30%,30%
Sao Tome and Principe,NA,NA,NA,NA,NA,NA,NA,NA,NA,NA,NA,NA,NA,NA,NA
Cabo Verde,NA,NA,NA,NA,NA,NA,NA,NA,NA,NA,NA,21%,21%,21%,21%
Haiti,NA,NA,NA,NA,NA,NA,NA,NA,NA,40.6%,40.6%,40.6%,40.6%,40.6%,40.6%
Mayotte,45%,38%,38%,38%,32.8%,25.4%,25.4%,25.4%,25.4%,NA,NA,NA,NA,NA,NA
Moldova,8%,8%,8%,8%,NA,NA,NA,1.5%,3.4%,7.5%,6.9%,5.6%,5.8%,5.8%,5.8%
Italy,9.1%,9.1%,8.6%,8.6%,7.7%,7%,6.2%,6.8%,8.4%,8.4%,10.9%,10.7%,12.4%,12.4%,12.4%
Portugal,4.7%,4.7%,6.4%,6.5%,7.6%,7.6%,8%,7.6%,10.7%,10.8%,15.3%,15.7%,16.8%,16.8%,16.8%
Japan,5.4%,5.4%,5.3%,4.7%,4.4%,4.1%,3.8%,4%,5.2%,5%,4.4%,4.4%,4.1%,4.1%,4.1%
American Samoa,6%,6%,6%,6%,29.8%,29.8%,29.8%,29.8%,29.8%,29.8%,29.8%,29.8%,29.8%,29.8%,29.8%
Puerto Rico,9.5%,12%,12%,12%,12%,12%,12%,12%,12%,12%,16%,16%,16%,16%,16%
"Macedonia, The Former Yugoslav Republic of",35%,37%,NA,NA,NA,NA,NA,NA,NA,NA,NA,NA,NA,NA,NA
Curacao,NA,NA,NA,NA,NA,NA,NA,NA,10.3%,10.3%,10.3%,9.8%,13%,13%,13%
Nepal,47%,47%,47%,47%,42%,42%,42%,46%,46%,46%,46%,46%,46%,46%,46%
Western Sahara,NA,NA,NA,NA,NA,NA,NA,NA,NA,NA,NA,NA,NA,NA,NA
Pakistan,6.3%,7.8%,7.7%,8.3%,6.6%,6.5%,5.6%,13.6%,15%,15.4%,5.6%,6%,6.6%,6.6%,6.6%
Palau,2.3%,2.3%,2.3%,2.3%,4.2%,4.2%,4.2%,4.2%,4.2%,4.2%,4.2%,4.2%,4.2%,4.2%,4.2%
Christmas Island,NA,NA,NA,NA,NA,NA,NA,NA,NA,NA,NA,NA,NA,NA,NA
Cambodia,2.8%,2.8%,2.5%,2.5%,2.5%,2.5%,2.5%,3.5%,3.5%,3.5%,3.5%,0%,0%,0%,0%
Cook Islands,13%,13%,13%,13%,13.1%,13.1%,13.1%,13.1%,13.1%,13.1%,13.1%,13.1%,13.1%,13.1%,13.1%
Colombia,17%,17.4%,14.2%,13.6%,11.8%,11.1%,11.2%,11.3%,11.2%,11.8%,10.3%,10.4%,9.7%,9.7%,9.7%
Sudan,18.7%,18.7%,18.7%,18.7%,18.7%,18.7%,18.7%,18.7%,18.7%,18.7%,20%,20%,20%,20%,20%
Argentina,25%,21.5%,17.3%,14.8%,11.6%,8.7%,8.5%,7.9%,7.9%,7.8%,7.2%,7.2%,7.5%,7.5%,7.5%
"Congo, Republic of the",NA,NA,NA,NA,NA,NA,NA,NA,NA,NA,NA,53%,53%,53%,53%
Greece,10.3%,10.3%,9.4%,10%,9.9%,9.2%,8.3%,7.7%,12%,12.5%,24.4%,24.3%,27.9%,27.9%,27.9%
Switzerland,1.9%,1.9%,3.7%,3.4%,3.8%,3.3%,2.8%,2.6%,3.9%,3.9%,3%,2.9%,3.2%,3.2%,3.2%
French Guiana,21.4%,22%,22%,22%,19.2%,NA,NA,NA,NA,NA,NA,NA,NA,NA,NA
Tanzania,NA,NA,NA,NA,NA,NA,NA,NA,NA,NA,NA,NA,NA,NA,NA
Qatar,2.7%,2.7%,2.7%,2.7%,2.7%,3.2%,0.7%,0.4%,0.5%,0.5%,0.5%,0.5%,0.3%,0.3%,0.3%
Costa Rica,5.2%,6.3%,6.7%,6.6%,6.6%,6.6%,4.6%,4.9%,6.6%,7.3%,7.9%,7.8%,7.9%,7.9%,7.9%
Tonga,13.3%,13.3%,13.3%,13.3%,13%,13%,13%,13%,13%,13%,13%,13%,13%,13%,13%
Isle of Man,NA,NA,NA,NA,0.6%,1.5%,1.5%,1.5%,1.8%,1.8%,2%,2%,2%,2%,2%
Peru,NA,NA,NA,9.6%,7.6%,7.2%,6.9%,8.1%,6.7%,6.6%,7.7%,5.2%,3.6%,3.6%,3.6%
Tuvalu,NA,NA,NA,NA,NA,NA,NA,NA,NA,NA,NA,NA,NA,NA,NA
Lithuania,12.5%,12.5%,10.3%,8%,8.2%,3.7%,3.5%,5.8%,16%,17.8%,15.7%,13.2%,12.4%,12.4%,12.4%
Netherlands,3%,3%,5.3%,6%,6.6%,5.5%,4.6%,4%,5.5%,5.5%,6.8%,5.3%,8.3%,8.3%,8.3%
Taiwan,4.5%,5.2%,5%,4.5%,4.1%,3.9%,3.9%,4.1%,5.2%,5.2%,4.3%,4.2%,4.1%,4.1%,4.1%
Armenia,20%,20%,20%,30%,31.6%,7.4%,7.1%,7.1%,7.1%,7.1%,7%,17.3%,17.3%,17.3%,17.3%
Norfolk Island,NA,NA,NA,0%,0%,NA,NA,NA,NA,NA,NA,NA,NA,NA,NA
Lesotho,45%,45%,45%,45%,45%,45%,45%,45%,45%,45%,45%,25%,25%,25%,25%
Aruba,0.6%,0.6%,0.6%,0.6%,6.9%,6.9%,6.9%,6.9%,6.9%,6.9%,6.9%,6.9%,6.9%,6.9%,6.9%
Angola,NA,NA,NA,NA,NA,NA,NA,NA,NA,NA,NA,NA,NA,NA,NA
Hong Kong,5.2%,7.5%,7.9%,6.7%,5.5%,4.9%,4%,3.5%,4.6%,4.3%,3.4%,3.3%,3.1%,3.1%,3.1%
Tajikistan,20%,40%,40%,40%,12%,12%,2.4%,2.3%,2.2%,2.2%,2.2%,2.5%,2.5%,2.5%,2.5%
Iceland,2.8%,2.8%,3.4%,3.1%,2.1%,1.3%,1%,1.6%,8.6%,8.1%,5.6%,5.8%,4.5%,4.5%,4.5%
Brazil,6.4%,6.4%,12.3%,11.5%,9.8%,9.6%,9.3%,7.9%,7%,6.7%,6.2%,5.5%,5.7%,5.7%,5.7%
Burundi,NA,NA,NA,NA,NA,NA,NA,NA,NA,NA,NA,NA,NA,NA,NA
Comoros,20%,20%,20%,20%,20%,20%,20%,20%,20%,20%,20%,20%,20%,20%,20%
Albania,17%,17%,15.8%,14.8%,14.3%,13.8%,13.2%,12.5%,12.7%,13.7%,13%,13%,16.9%,16.9%,16.9%
Marshall Islands,30.9%,30.9%,30.9%,30.9%,30.9%,30.9%,30.9%,36%,36%,36%,36%,36%,36%,36%,36%
Zambia,50%,50%,50%,50%,50%,50%,50%,50%,50%,14%,14%,14%,15%,15%,15%
Swaziland,34%,34%,34%,34%,40%,40%,40%,40%,40%,40%,40%,40%,40%,40%,40%
Honduras,28%,28%,27.5%,28.5%,28%,27.9%,27.8%,3.5%,5.1%,5.1%,4.5%,4.4%,4.5%,4.5%,4.5%
Germany,9.8%,9.8%,10.5%,10.6%,11.7%,7.1%,9%,7.8%,7.1%,7.1%,6.5%,5.5%,5.3%,5.3%,5.3%
Belgium,7.2%,7.2%,8.1%,12%,8.4%,8.1%,7.5%,7%,8.1%,8.3%,7.6%,7.6%,8.8%,8.8%,8.8%
Nicaragua,23%,24%,22%,7.8%,5.6%,3.8%,4.9%,5.6%,8%,7.8%,7.4%,7.4%,7.2%,7.2%,7.2%
Uzbekistan,10%,10%,0.5%,0.6%,0.7%,3%,0.8%,1%,1.1%,1.1%,1%,4.9%,4.9%,4.9%,4.9%
Czech Republic,8.5%,9.8%,9.9%,10.6%,7.9%,8.4%,6.6%,5.4%,9.3%,9%,8.6%,6.8%,7.1%,7.1%,7.1%
Zimbabwe,60%,70%,70%,70%,80%,80%,80%,80%,95%,95%,95%,95%,95%,95%,95%
"Micronesia, Federated States of",16%,16%,16%,16%,22%,22%,22%,22%,22%,22%,22%,22%,22%,22%,22%
Iraq,NA,NA,NA,25%,25%,25%,18%,18.2%,15.3%,15.3%,16%,16%,16%,16%,16%
"Man, Isle of",0.7%,0.7%,0.7%,0.6%,NA,NA,NA,NA,NA,NA,NA,NA,NA,NA,NA
Equatorial Guinea,30%,30%,30%,30%,30%,30%,30%,30%,30%,22.3%,22.3%,22.3%,22.3%,22.3%,22.3%
Grenada,11.5%,12.5%,12.5%,12.5%,12.5%,12.5%,12.5%,12.5%,12.5%,12.5%,25%,25%,33.5%,33.5%,33.5%
Montenegro,NA,NA,NA,NA,27.7%,27.7%,14.7%,14.7%,14.7%,14.7%,11.5%,19.1%,19.1%,19.1%,19.1%
Indonesia,8%,10.6%,8.7%,9.2%,11.8%,12.5%,9.1%,8.4%,7.1%,7.1%,6.7%,6.1%,6.6%,6.6%,6.6%
East Timor,50%,50%,50%,50%,50%,NA,NA,NA,NA,NA,NA,NA,NA,NA,NA
Israel,10.4%,10.4%,10.7%,10.7%,9%,8.3%,7.3%,6.1%,6.4%,6.7%,6.3%,6.9%,5.8%,5.8%,5.8%
Cote d'Ivoire,13%,13%,13%,13%,13%,13%,NA,NA,NA,NA,NA,NA,NA,NA,NA
Latvia,7.6%,7.6%,8.6%,8.8%,7.5%,6.5%,5.7%,7.5%,19.1%,18.4%,14.3%,11.4%,9.8%,9.8%,9.8%
Virgin Islands,4.9%,4.9%,9.3%,9.3%,6.2%,6.2%,6.2%,6.2%,6.2%,6.2%,6.2%,6.2%,6.2%,6.2%,6.2%
Macedonia,NA,NA,36.7%,37.7%,37.3%,36%,34.9%,33.8%,33.1%,32%,31.3%,31%,28.6%,28.6%,28.6%
Sint Maarten,NA,NA,NA,NA,NA,NA,NA,NA,10.6%,10.6%,10.6%,12%,12%,12%,12%
Gibraltar,13.5%,2%,2%,2%,2%,2%,3%,3%,3%,3%,3%,3%,3%,3%,3%
Afghanistan,NA,NA,NA,NA,40%,40%,40%,40%,35%,35%,35%,35%,35%,35%,35%
Kuwait,1.8%,7%,2.1%,2.2%,2.2%,2.2%,2.2%,2.2%,2.2%,2.2%,2.2%,2.2%,3.4%,3.4%,3.4%
Turkey,10.8%,10.8%,10.5%,9.3%,10.2%,10.2%,9.9%,11%,12.4%,12%,9%,9.2%,9.3%,9.3%,9.3%
India,8.8%,8.8%,9.5%,9.2%,8.9%,7.8%,7.2%,9.1%,10.8%,10%,9.9%,8.5%,8.8%,8.8%,8.8%
Poland,17%,18.1%,20%,19.5%,18.2%,14.9%,12.8%,9.8%,11.8%,12.1%,12.6%,12.8%,10.3%,10.3%,10.3%
Australia,6.3%,6.3%,6%,5.1%,5.1%,4.9%,4.4%,4.2%,5.1%,5.2%,5.2%,5.2%,5.7%,5.7%,5.7%
Yemen,30%,30%,35%,35%,35%,35%,35%,35%,35%,35%,35%,35%,35%,35%,35%
Liberia,70%,NA,85%,85%,85%,85%,85%,85%,85%,85%,85%,85%,85%,85%,85%
Niue,NA,NA,NA,NA,NA,12%,12%,12%,12%,12%,12%,12%,12%,12%,12%
Cuba,4.1%,4.1%,2.6%,2.5%,1.9%,1.9%,1.8%,1.6%,2%,1.6%,3.6%,3.8%,4.3%,4.3%,4.3%
Guyana,9.1%,9.1%,9.1%,9.1%,9.1%,9.1%,9.1%,11%,11%,11%,11%,11%,11%,11%,11%
Martinique,27.2%,27.2%,27.2%,27.2%,27.2%,NA,NA,NA,NA,NA,NA,NA,NA,NA,NA
Northern Mariana Islands,NA,NA,NA,NA,NA,3.9%,3.9%,8%,8%,8%,8%,11.2%,11.2%,11.2%,11.2%
Jordan,16%,16%,16%,15%,12.5%,15.4%,13.5%,12.6%,13.4%,12.5%,12.3%,12.5%,14%,14%,14%
Rwanda,NA,NA,NA,NA,NA,NA,NA,NA,NA,NA,NA,NA,NA,NA,NA
Burkina Faso,NA,NA,NA,NA,NA,NA,77%,77%,77%,77%,77%,77%,77%,77%,77%
China,NA,NA,10.1%,9.8%,9%,4.2%,4%,4%,4.3%,6.1%,6.4%,6.5%,4.1%,4.1%,4.1%
Uruguay,15.2%,19.4%,16%,13%,12.2%,10.8%,9.2%,7.6%,7.4%,6.7%,6.1%,6%,6.5%,6.5%,6.5%
Bangladesh,35%,40%,40%,40%,2.5%,2.5%,2.5%,2.5%,5.1%,5.1%,5%,5%,5%,5%,5%
Falkland Islands (Islas Malvinas),NA,NA,NA,NA,NA,NA,NA,NA,NA,NA,4.1%,4.1%,4.1%,4.1%,4.1%
Bulgaria,18%,18%,14.3%,12.7%,9.9%,9.6%,7.7%,6.3%,9.5%,9.5%,9.9%,11.1%,11.6%,11.6%,11.6%
Russia,8%,7.9%,8.5%,8.3%,7.6%,6.6%,6.2%,6.4%,7.6%,7.5%,6.2%,5.5%,5.8%,5.8%,5.8%
Seychelles,NA,NA,NA,NA,NA,NA,2%,2%,2%,2%,2%,2%,2%,2%,2%
United Arab Emirates,NA,NA,2.4%,2.4%,2.4%,2.4%,2.4%,2.4%,2.4%,2.4%,2.4%,2.4%,2.4%,2.4%,2.4%
Guinea,NA,NA,NA,NA,NA,NA,NA,NA,NA,NA,NA,NA,NA,NA,NA
Vietnam,25%,25%,6.1%,1.9%,2.4%,2%,4.3%,4.7%,6.4%,4.4%,4.3%,3.2%,1.3%,1.3%,1.3%
Ecuador,NA,NA,NA,NA,10.7%,10.6%,8.8%,7.3%,7.6%,7.6%,5.9%,4.9%,4.2%,4.2%,4.2%
Niger,NA,NA,NA,NA,NA,NA,NA,NA,NA,NA,NA,NA,NA,NA,NA
World,30%,NA,NA,NA,NA,30%,30%,30%,8.8%,8.7%,9.2%,9%,8.4%,8.4%,8.4%
Greenland,10%,10%,10%,10%,10%,9.3%,9.3%,9.3%,6.8%,6.8%,4.9%,4.9%,9.4%,9.4%,9.4%
Nigeria,NA,28%,NA,NA,2.9%,5.8%,4.9%,4.9%,4.9%,4.9%,23.9%,23.9%,23.9%,23.9%,23.9%
French Polynesia,NA,11.8%,11.8%,11.8%,11.8%,11.7%,11.7%,11.7%,11.7%,11.7%,11.7%,11.7%,11.7%,11.7%,11.7%
Trinidad and Tobago,11.8%,10.8%,10.4%,10.4%,8%,7%,4.5%,4.6%,6.4%,6.4%,6.3%,5.6%,5.9%,5.9%,5.9%
Sri Lanka,7.7%,8%,8.4%,7.8%,7.7%,7.6%,6%,5.2%,5.4%,5.8%,5.1%,4%,5.1%,5.1%,5.1%
Finland,8.5%,8.5%,9%,8.9%,8.4%,7%,6.9%,6.4%,7.9%,8.4%,7.3%,7.8%,8.1%,8.1%,8.1%
Timor-Leste,NA,NA,NA,NA,NA,50%,50%,20%,20%,20%,18.4%,18.4%,18.4%,18.4%,18.4%
Mali,14.6%,14.6%,14.6%,14.6%,14.6%,14.6%,30%,30%,30%,30%,30%,30%,30%,30%,30%
Chad,NA,NA,NA,NA,NA,NA,NA,NA,NA,NA,NA,NA,NA,NA,NA
Uganda,NA,NA,NA,NA,NA,NA,NA,NA,NA,NA,NA,NA,NA,NA,NA
Djibouti,50%,50%,50%,50%,50%,50%,59%,59%,59%,59%,59%,59%,59%,59%,59%
Wallis and Futuna,NA,NA,NA,NA,NA,15.2%,15.2%,15.2%,15.2%,15.2%,15.2%,12.2%,12.2%,12.2%,12.2%
"Saint Helena, Ascension, and Tristan da Cunha",NA,NA,NA,NA,NA,NA,NA,NA,14%,14%,14%,14%,14%,14%,14%
Samoa,NA,NA,NA,NA,NA,NA,NA,NA,NA,NA,NA,NA,NA,NA,NA
Egypt,12%,12%,9.9%,10.9%,9.5%,10.3%,9.1%,8.7%,9.7%,9%,12.5%,12.7%,13.4%,13.4%,13.4%
Suriname,20%,17%,17%,17%,9.5%,9.5%,9.5%,9.5%,9.5%,9.5%,9%,9%,9%,9%,9%
"Gambia, The",NA,NA,NA,NA,NA,NA,NA,NA,NA,NA,NA,NA,NA,NA,NA
United States,5%,5.8%,6%,5.5%,5.1%,4.8%,4.6%,5.8%,9.6%,9.6%,8.2%,8.1%,7.3%,7.3%,7.3%
Faroe Islands,1%,1%,1%,1%,1%,2.1%,2.1%,1.4%,3.9%,3.9%,6.8%,6.8%,6.8%,6.8%,6.8%
Serbia and Montenegro,28%,32%,34.5%,30%,NA,NA,NA,NA,NA,NA,NA,NA,NA,NA,NA
Gabon,21%,21%,21%,21%,21%,21%,21%,21%,21%,21%,21%,21%,21%,21%,21%
Luxembourg,4.1%,4.1%,3.6%,4.5%,4.5%,4.1%,4.4%,4.4%,5.5%,6%,4.8%,6.1%,4.9%,4.9%,4.9%
Saint Kitts and Nevis,4.5%,4.5%,4.5%,4.5%,4.5%,4.5%,4.5%,4.5%,4.5%,4.5%,4.5%,4.5%,4.5%,4.5%,4.5%
Kenya,40%,40%,40%,40%,40%,40%,40%,40%,40%,40%,40%,40%,40%,40%,40%
Serbia,NA,NA,NA,NA,31.6%,31.6%,18.8%,18.8%,17.2%,17.2%,25.9%,25.9%,20.1%,20.1%,20.1%
Nauru,0%,0%,0%,90%,90%,90%,90%,90%,90%,90%,90%,90%,90%,90%,90%
San Marino,2.6%,2.6%,2.6%,2.6%,2.6%,3.8%,3.8%,3.1%,3.1%,3.8%,5.5%,7%,7%,7%,7%
Tokelau,NA,NA,NA,NA,NA,NA,NA,NA,NA,NA,NA,NA,NA,NA,NA
Philippines,10%,10.2%,11.4%,11.7%,8.7%,7.9%,7.3%,7.4%,7.5%,7.3%,6.9%,7%,7.4%,7.4%,7.4%
Pitcairn Islands,NA,NA,NA,NA,NA,NA,NA,NA,NA,NA,NA,NA,NA,NA,NA
Denmark,5.1%,5.1%,6.1%,6.2%,5.7%,3.8%,2.8%,1.8%,4.2%,6%,6.4%,6%,6%,6%,6%
New Zealand,5.5%,5.3%,4.7%,4.2%,3.7%,3.8%,3.6%,4.2%,6.5%,6.5%,6.5%,6.9%,6.4%,6.4%,6.4%
Brunei,10%,10%,10%,3.2%,4.8%,4%,4%,3.7%,3.7%,3.7%,2.7%,2.6%,2.6%,2.6%,2.6%
Dominican Republic,15%,14.5%,16.5%,17%,17%,16%,15.6%,14.1%,14.2%,13.3%,14.7%,14.3%,15%,15%,15%
Madagascar,NA,5.9%,5.9%,NA,NA,NA,NA,NA,NA,NA,NA,NA,NA,NA,NA
Vanuatu,NA,NA,NA,NA,NA,1.7%,1.7%,1.7%,1.7%,1.7%,1.7%,1.7%,1.7%,1.7%,1.7%
Kosovo,NA,NA,NA,NA,NA,NA,43%,40%,16.6%,45%,45.3%,45.3%,30.9%,30.9%,30.9%
Macau,6.5%,6.3%,6.3%,4.7%,4.1%,4.1%,3.1%,3%,3.6%,2.9%,2%,2%,1.8%,1.8%,1.8%
Bermuda,4.5%,4.5%,5%,5%,2.1%,2.1%,2.1%,2.1%,2.1%,2.1%,2.1%,8%,8%,8%,8%
Malaysia,3.7%,3.8%,3.6%,3%,3.6%,3.5%,3.2%,3.3%,3.5%,3.4%,3%,3%,3.1%,3.1%,3.1%
Slovenia,11%,11%,11.2%,6.4%,6.3%,9.6%,7.7%,6.7%,10.6%,10.7%,12.3%,12%,13.1%,13.1%,13.1%
Morocco,23%,19%,19%,12.1%,11%,7.7%,9.8%,9.5%,9.8%,9.1%,8.8%,9%,9.5%,9.5%,9.5%
New Caledonia,19%,19%,19%,19%,17.1%,17.1%,17.1%,17.1%,17.1%,17.1%,17.1%,17.1%,17.1%,17.1%,17.1%
Algeria,34%,31%,26.2%,25.4%,17.1%,15.7%,11.8%,12.8%,9.9%,10%,10.2%,10.7%,10.3%,10.3%,10.3%
"Congo, Democratic Republic of the",NA,NA,NA,NA,NA,NA,NA,NA,NA,NA,NA,NA,NA,NA,NA
Barbados,10%,10%,10.7%,10.7%,10.7%,10.7%,10.7%,10.7%,10.7%,10.7%,11.2%,11.6%,11.4%,11.4%,11.4%
Chile,10.1%,9.2%,8.5%,8.5%,8.1%,7.8%,7%,7.8%,8.7%,7.1%,6.4%,6.3%,6%,6%,6%
Cyprus,NA,NA,NA,NA,NA,NA,3.9%,3.6%,6%,4.6%,8%,11.9%,17.4%,17.4%,17.4%
Bhutan,NA,NA,NA,NA,NA,2.5%,2.5%,2.5%,4%,4%,4%,4%,2.1%,2.1%,2.1%
Fiji,7.6%,7.6%,7.6%,7.6%,7.6%,7.6%,7.6%,7.6%,7.6%,7.6%,7.6%,7.6%,7.6%,7.6%,7.6%
Dominica,23%,23%,23%,23%,23%,23%,23%,23%,23%,23%,23%,23%,23%,23%,23%
Azerbaijan,16%,16%,1.1%,1.2%,1.1%,1.2%,1%,0.9%,0.9%,1%,1%,5.7%,6%,6%,6%
Bosnia and Herzegovina,40%,40%,40%,44%,45.5%,45.5%,45.5%,29%,27.2%,43.1%,43.3%,44.1%,44.3%,44.3%,44.3%
Syria,20%,20%,20%,20%,12.3%,12.5%,9%,8.6%,8.3%,8.3%,18%,18%,17.8%,17.8%,17.8%
Burma,5.1%,5.1%,4.2%,5.2%,5%,10.2%,5.2%,5%,5.7%,5.7%,5.4%,5.4%,5.2%,5.2%,5.2%
Croatia,20.2%,21.7%,19.5%,13.8%,18%,17.2%,11.8%,13.7%,17.6%,17.6%,19%,19.1%,21.6%,21.6%,21.6%
European Union,NA,NA,9.1%,9.5%,9.4%,8.5%,8.5%,7.2%,9.5%,9.6%,10.5%,10.2%,10.5%,10.5%,10.5%
"Bahamas, The",6.9%,6.9%,6.9%,10.2%,10.2%,10.2%,7.6%,7.6%,7.6%,7.6%,14.2%,14%,16.2%,16.2%,16.2%
Andorra,0%,0%,0%,0%,0%,0%,0%,0%,7%,2.9%,1.9%,2.9%,4%,4%,4%
Tunisia,15.6%,15.4%,14.3%,13.8%,14.2%,13.9%,14.1%,14.1%,14%,13%,18.8%,17.4%,17.2%,17.2%,17.2%
South Africa,37%,37%,31%,26.2%,26.6%,25.5%,24.3%,22.9%,23.3%,24.9%,24.4%,25.1%,24.9%,24.9%,24.9%
Antigua and Barbuda,7%,11%,11%,11%,11%,11%,11%,11%,11%,11%,11%,11%,11%,11%,11%
Mongolia,20%,20%,4.6%,6.7%,6.7%,3.3%,3%,2.8%,2.8%,11.5%,9%,9%,9%,9%,9%
Belarus,2.1%,2.1%,2.1%,2%,1.6%,1.6%,1.6%,1.6%,1%,1%,1%,1%,1%,1%,1%
Bolivia,7.6%,7.6%,11.7%,9.2%,8%,7.8%,7.5%,7.5%,8.3%,7.8%,7.5%,7.5%,7.4%,7.4%,7.4%
Saint Lucia,15%,16.5%,16.5%,20%,20%,20%,20%,20%,20%,20%,20%,20%,20%,20%,20%
Hungary,5.8%,5.8%,5.9%,5.9%,7.2%,7.4%,7.3%,7.8%,11.5%,11.2%,11.2%,10.7%,10.5%,10.5%,10.5%
Lebanon,18%,18%,18%,18%,18%,20%,20%,9.2%,NA,NA,NA,NA,NA,NA,NA
Saint Pierre and Miquelon,9.8%,9.8%,9.8%,9.8%,10.3%,10.3%,10.3%,10.3%,10.3%,10.3%,10.3%,9.9%,9.9%,9.9%,9.9%
Saint Vincent and the Grenadines,22%,22%,22%,15%,15%,15%,15%,15%,15%,15%,15%,15%,18.8%,18.8%,18.8%
Jersey,0.7%,0.7%,0.7%,0.9%,0.9%,2.2%,2.2%,2.2%,2.2%,2.2%,2.2%,1.7%,1.7%,1.7%,1.7%
Sweden,4%,4%,4.9%,5.6%,5.8%,5.6%,6.1%,6.2%,8.3%,8.4%,7.5%,8%,8.1%,8.1%,8.1%
El Salvador,10%,NA,NA,NA,6.5%,6%,6.2%,6.9%,7%,7.2%,6.9%,6.1%,6.3%,6.3%,6.3%
Thailand,3.9%,2.9%,2.2%,1.5%,1.8%,2.1%,1.4%,1.4%,1.2%,1%,0.9%,0.7%,0.7%,0.7%,0.7%
British Virgin Islands,3%,3%,3%,3%,3.6%,3.6%,3.6%,3.6%,3.6%,3.6%,3.6%,8.7%,8.7%,8.7%,8.7%
France,9.1%,9.1%,9.7%,10.1%,9.9%,8.7%,7.9%,7.4%,9.5%,9.3%,9.8%,9.8%,10.2%,10.2%,10.2%
Malawi,NA,NA,NA,NA,NA,NA,NA,NA,NA,NA,NA,NA,NA,NA,NA
Liechtenstein,1.3%,1.3%,1.3%,1.3%,1.3%,1.3%,1.3%,1.5%,1.5%,1.5%,2.8%,2.5%,2.3%,2.3%,2.3%
Austria,4.8%,4.8%,4.4%,4.4%,5.2%,4.9%,4.4%,3.9%,4.6%,6.9%,4.4%,2.9%,4.9%,4.9%,4.9%
Bahrain,15%,15%,15%,15%,15%,15%,15%,15%,15%,15%,15%,15%,15%,15%,15%
Solomon Islands,NA,NA,NA,NA,NA,NA,NA,NA,NA,NA,NA,NA,NA,NA,NA
Mauritius,8.6%,8.8%,9.8%,10.8%,9.6%,9.4%,8.8%,7.2%,7.5%,7.8%,8%,8.1%,8.3%,8.3%,8.3%
Maldives,NA,NA,NA,NA,NA,NA,NA,14.4%,14.4%,14.5%,28%,28%,28%,28%,28%
Norway,3.9%,3.9%,4.7%,4.3%,4.6%,3.5%,2.5%,2.6%,3.7%,3.6%,3.1%,3.2%,3.6%,3.6%,3.6%
Central African Republic,8%,8%,8%,8%,8%,8%,8%,8%,8%,8%,8%,8%,8%,8%,8%
Jamaica,16%,15.4%,15.9%,15%,11.5%,11.3%,9.9%,11%,12.9%,12.4%,14.2%,13.7%,16.3%,16.3%,16.3%
Georgia,17%,17%,17%,17%,12.6%,12.6%,13.6%,13.6%,16.4%,16.4%,16.3%,15%,15%,15%,15%
Oman,NA,NA,NA,15%,15%,15%,15%,15%,15%,15%,15%,15%,15%,15%,15%
Ukraine,3.6%,3.8%,3.7%,3.5%,3.1%,2.7%,2.3%,3%,8.4%,8.1%,8.5%,7.5%,8%,8%,8%
Ghana,20%,20%,20%,20%,20%,20%,11%,11%,11%,11%,11%,11%,11%,11%,11%
Guam,15%,15%,15%,15%,11.4%,11.4%,11.4%,11.4%,11.4%,11.4%,11.4%,8.2%,8.2%,8.2%,8.2%
Spain,11.3%,11.3%,11.3%,10.4%,9.2%,8.1%,8.3%,11.3%,20%,20.1%,24.9%,25.1%,26.3%,26.3%,26.3%
Venezuela,14.1%,17%,18%,17.1%,12.2%,8.9%,8.5%,7.4%,12.1%,8.5%,8%,7.8%,7.9%,7.9%,7.9%
Ireland,4.7%,4.3%,4.7%,4.3%,4.3%,4.3%,4.6%,6.3%,13.7%,13.6%,14.6%,14.7%,13.5%,13.5%,13.5%
Mexico,NA,NA,3.3%,3.2%,3.6%,3.2%,3.7%,4%,5.6%,5.4%,4.5%,5%,4.9%,4.9%,4.9%
Kyrgyzstan,7.2%,7.2%,7.2%,18%,18%,18%,18%,18%,18%,18%,8.6%,8.6%,8.6%,8.6%,8.6%
Kiribati,NA,NA,NA,NA,2%,2%,2%,2%,2%,2%,2%,2%,2%,2%,2%
Eritrea,NA,NA,NA,NA,NA,NA,NA,NA,NA,NA,NA,NA,NA,NA,NA
Cape Verde,21%,21%,21%,21%,21%,21%,21%,21%,21%,21%,21%,NA,NA,NA,NA
Libya,30%,30%,30%,30%,30%,30%,30%,30%,30%,30%,30%,30%,30%,30%,30%
Botswana,40%,40%,40%,23.8%,23.8%,23.8%,7.5%,7.5%,7.5%,7.5%,7.5%,17.8%,17.8%,17.8%,17.8%
Saudi Arabia,NA,25%,25%,25%,13%,13%,13%,11.8%,10.8%,10.8%,10.7%,10.6%,10.5%,10.5%,10.5%
Cocos (Keeling) Islands,60%,60%,60%,60%,60%,60%,60%,60%,60%,60%,60%,60%,60%,60%,60%
"Korea, North",NA,NA,NA,NA,NA,NA,NA,NA,NA,NA,NA,NA,NA,NA,NA
Netherlands Antilles,15%,15%,15.6%,15.6%,17%,17%,17%,15.5%,NA,NA,NA,NA,NA,NA,NA
Iran,14%,16.3%,15.7%,11.2%,11.2%,15%,12%,12.5%,14.6%,13.2%,15.5%,15.5%,16%,16%,16%
Monaco,3.1%,3.1%,3.1%,22%,22%,0%,0%,0%,0%,0%,0%,0%,2%,2%,2%
Saint Helena,14%,14%,14%,14%,14%,14%,14%,14%,NA,NA,NA,NA,NA,NA,NA
Reunion,42.8%,36%,36%,36%,31%,NA,NA,NA,NA,NA,NA,NA,NA,NA,NA
